{
    "cols": [
        {"label": "day", "type": "string"},
        {"label": "Jenny", "type": "number"},
        {"label": "Kelly", "type": "number"},
        {"label": "Megan", "type": "number"},
        {"label": "delivery", "type": "number"}
    ], "rows": [
        {"c":[{"v":"mon"},{"v": 11}, {"v":34}, {"v":55}, {"v":9}]},
        {"c":[{"v":"tue"},{"v": 14}, {"v":24}, {"v":57}, {"v":14}]},
        {"c":[{"v":"wed"},{"v": 12}, {"v":22}, {"v":60}, {"v":19}]},
        {"c":[{"v":"thu"},{"v": 9}, {"v":33}, {"v":68}, {"v":29}]},
        {"c":[{"v":"fri"},{"v": 28}, {"v":43}, {"v":59}, {"v":54}]}
    ]
}